id.exposure,exposure,SNP,effect_allele.exposure,other_allele.exposure,eaf.exposure,beta.exposure,se.exposure,pval.exposure,F,,,,,,,,,,,,,
GLP1R,GLP1R,rs1678701,A,G,0.423519861,-0.060564106,0.008324734,3.45E-13,52.92494719,,,,,,,,,,,,,
GLP1R,GLP1R,rs1678697,G,A,0.424569616,-0.060284394,0.008321517,4.34E-13,52.47777281,,,,,,,,,,,,,
GLP1R,GLP1R,rs1678696,G,A,0.424553588,-0.060275366,0.008321419,4.37E-13,52.46328638,,,,,,,,,,,,,
GLP1R,GLP1R,rs1629877,C,A,0.424650812,-0.060163726,0.008321055,4.82E-13,52.27369497,,,,,,,,,,,,,
GLP1R,GLP1R,rs1678700,G,A,0.424273311,-0.060042816,0.008322058,5.39E-13,52.05125419,,,,,,,,,,,,,
GLP1R,GLP1R,rs1678702,C,A,0.424405436,-0.060031221,0.00832172,5.44E-13,52.03538351,,,,,,,,,,,,,
GLP1R,GLP1R,rs1678695,A,G,0.424613062,-0.059997466,0.008321193,5.58E-13,51.98346049,,,,,,,,,,,,,
GLP1R,GLP1R,rs1738203,A,G,0.568338806,-0.059720399,0.008303611,6.38E-13,51.722796,,,,,,,,,,,,,
GLP1R,GLP1R,rs1678707,G,A,0.424750868,-0.059822615,0.0083206,6.49E-13,51.6882831,,,,,,,,,,,,,
GLP1R,GLP1R,rs1678706,G,A,0.424694247,-0.059765515,0.008320759,6.83E-13,51.58768297,,,,,,,,,,,,,
GLP1R,GLP1R,rs9380787,G,T,0.557232539,-0.059323893,0.008264913,7.07E-13,51.51733319,,,,,,,,,,,,,
GLP1R,GLP1R,rs6919465,G,A,0.424675374,-0.059721008,0.008320818,7.11E-13,51.51014305,,,,,,,,,,,,,
GLP1R,GLP1R,rs1678712,G,A,0.424750868,-0.059698023,0.00832063,7.24E-13,51.47283067,,,,,,,,,,,,,
GLP1R,GLP1R,rs984524,G,A,0.424807489,-0.05966625,0.008320492,7.43E-13,51.41975483,,,,,,,,,,,,,
GLP1R,GLP1R,rs1738199,A,G,0.565059832,-0.059468824,0.008296548,7.61E-13,51.37530751,,,,,,,,,,,,,
GLP1R,GLP1R,rs1738212,C,A,0.424826363,-0.059611915,0.008320457,7.80E-13,51.32658112,,,,,,,,,,,,,
GLP1R,GLP1R,rs1678693,C,T,0.425260456,-0.05927593,0.008319429,1.04E-12,50.76218381,,,,,,,,,,,,,
GLP1R,GLP1R,rs1678691,C,T,0.426204137,-0.058473472,0.008317233,2.06E-12,49.42317317,,,,,,,,,,,,,
GLP1R,GLP1R,rs9349100,T,C,0.563979164,-0.058150822,0.008294226,2.36E-12,49.15078964,,,,,,,,,,,,,
GLP1R,GLP1R,rs1678692,C,T,0.426020986,-0.058249703,0.008317465,2.50E-12,49.04288694,,,,,,,,,,,,,
GLP1R,GLP1R,rs9394544,A,G,0.569036472,-0.057943024,0.008306648,3.05E-12,48.65430143,,,,,,,,,,,,,
GLP1R,GLP1R,rs1678682,G,A,0.565618631,-0.057000264,0.008297948,6.45E-12,47.18271035,,,,,,,,,,,,,
,,,,,,,,,,,,,,,,,,,,,,
,,,,,,,,,,,,,,,,,,,,,,
,,,,,,,,,,,,,,,,,,,,,,
,,,,,,,,,,,,,,,,,,,,,,
,,,,,,,,,,,,,,,,,,,,,,
,,,,,,,,,,,,,,,,,,,,,,
,,,,,,,,,,,,,,,,,,,,,,
,,,,,,,,,,,,,,,,,,,,,,
,,,,,,,,,,,,,,,,,,,,,,
,,,,,,,,,,,,,,,,,,,,,,
,,,,,,,,,,,,,,,,,,,,,,
,,,,,,,,,,,,,,,,,,,,,,
,,,,,,,,,,,,,,,,,,,,,,
,,,,,,,,,,,,,,,,,,,,,,
,,,,,,,,,,,,,,,,,,,,,,
,,,,,,,,,,,,,,,,,,,,,,
,,,,,,,,,,,,,,,,,,,,,,
,,,,,,,,,,,,,,,,,,,,,,
,,,,,,,,,,,,,,,,,,,,,,
,,,,,,,,,,,,,,,,,,,,,,
,,,,,,,,,,,,,,,,,,,,,,
,,,,,,,,,,,,,,,,,,,,,,
,,,,,,,,,,,,,,,,,,,,,,
,,,,,,,,,,,,,,,,,,,,,,
,,,,,,,,,,,,,,,,,,,,,,
,,,,,,,,,,,,,,,,,,,,,,
,,,,,,,,,,,,,,,,,,,,,,
,,,,,,,,,,,,,,,,,,,,,,
,,,,,,,,,,,,,,,,,,,,,,
,,,,,,,,,,,,,,,,,,,,,,
,,,,,,,,,,,,,,,,,,,,,,
,,,,,,,,,,,,,,,,,,,,,,
,,,,,,,,,,,,,,,,,,,,,,
,,,,,,,,,,,,,,,,,,,,,,
,,,,,,,,,,,,,,,,,,,,,,
,,,,,,,,,,,,,,,,,,,,,,
,,,,,,,,,,,,,,,,,,,,,,
,,,,,,,,,,,,,,,,,,,,,,
,,,,,,,,,,,,,,,,,,,,,,
,,,,,,,,,,,,,,,,,,,,,,
,,,,,,,,,,,,,,,,,,,,,,
,,,,,,,,,,,,,,,,,,,,,,
,,,,,,,,,,,,,,,,,,,,,,
,,,,,,,,,,,,,,,,,,,,,,
,,,,,,,,,,,,,,,,,,,,,,
,,,,,,,,,,,,,,,,,,,,,,
,,,,,,,,,,,,,,,,,,,,,,
,,,,,,,,,,,,,,,,,,,,,,
,,,,,,,,,,,,,,,,,,,,,,
,,,,,,,,,,,,,,,,,,,,,,
,,,,,,,,,,,,,,,,,,,,,,
,,,,,,,,,,,,,,,,,,,,,,
,,,,,,,,,,,,,,,,,,,,,,
,,,,,,,,,,,,,,,,,,,,,,
,,,,,,,,,,,,,,,,,,,,,,
,,,,,,,,,,,,,,,,,,,,,,
,,,,,,,,,,,,,,,,,,,,,,
,,,,,,,,,,,,,,,,,,,,,,
,,,,,,,,,,,,,,,,,,,,,,
,,,,,,,,,,,,,,,,,,,,,,
,,,,,,,,,,,,,,,,,,,,,,
,,,,,,,,,,,,,,,,,,,,,,
,,,,,,,,,,,,,,,,,,,,,,
,,,,,,,,,,,,,,,,,,,,,,
,,,,,,,,,,,,,,,,,,,,,,
,,,,,,,,,,,,,,,,,,,,,,
,,,,,,,,,,,,,,,,,,,,,,
,,,,,,,,,,,,,,,,,,,,,,
,,,,,,,,,,,,,,,,,,,,,,
,,,,,,,,,,,,,,,,,,,,,,
,,,,,,,,,,,,,,,,,,,,,,
,,,,,,,,,,,,,,,,,,,,,,
,,,,,,,,,,,,,,,,,,,,,,
,,,,,,,,,,,,,,,,,,,,,,
,,,,,,,,,,,,,,,,,,,,,,
,,,,,,,,,,,,,,,,,,,,,,
,,,,,,,,,,,,,,,,,,,,,,
,,,,,,,,,,,,,,,,,,,,,,
,,,,,,,,,,,,,,,,,,,,,,
,,,,,,,,,,,,,,,,,,,,,,
,,,,,,,,,,,,,,,,,,,,,,
,,,,,,,,,,,,,,,,,,,,,,
,,,,,,,,,,,,,,,,,,,,,,
,,,,,,,,,,,,,,,,,,,,,,
,,,,,,,,,,,,,,,,,,,,,,
,,,,,,,,,,,,,,,,,,,,,,
,,,,,,,,,,,,,,,,,,,,,,
,,,,,,,,,,,,,,,,,,,,,,
,,,,,,,,,,,,,,,,,,,,,,
,,,,,,,,,,,,,,,,,,,,,,
,,,,,,,,,,,,,,,,,,,,,,
,,,,,,,,,,,,,,,,,,,,,,
,,,,,,,,,,,,,,,,,,,,,,
,,,,,,,,,,,,,,,,,,,,,,
,,,,,,,,,,,,,,,,,,,,,,
,,,,,,,,,,,,,,,,,,,,,,
,,,,,,,,,,,,,,,,,,,,,,
,,,,,,,,,,,,,,,,,,,,,,
,,,,,,,,,,,,,,,,,,,,,,
,,,,,,,,,,,,,,,,,,,,,,
,,,,,,,,,,,,,,,,,,,,,,
,,,,,,,,,,,,,,,,,,,,,,
,,,,,,,,,,,,,,,,,,,,,,
,,,,,,,,,,,,,,,,,,,,,,
,,,,,,,,,,,,,,,,,,,,,,
,,,,,,,,,,,,,,,,,,,,,,
,,,,,,,,,,,,,,,,,,,,,,
,,,,,,,,,,,,,,,,,,,,,,
,,,,,,,,,,,,,,,,,,,,,,
,,,,,,,,,,,,,,,,,,,,,,
,,,,,,,,,,,,,,,,,,,,,,
,,,,,,,,,,,,,,,,,,,,,,
